rosbagTimestamp,header,seq,stamp,secs,nsecs,frame_id,level,name,msg,file,function,line,topics
1524145438691443599,,5,,1524145438,660219897,'',2,"""/record_1524220322377231692""","""Subscribing to /rosout""","""/tmp/binarydeb/ros-kinetic-rosbag-1.12.13/src/recorder.cpp""","""shared_ptr<ros",212,[/rosout]
1524145438691443599,,6,,1524145438,661270129,'',2,"""/record_1524220322377231692""","""Subscribing to /imu_stm""","""/tmp/binarydeb/ros-kinetic-rosbag-1.12.13/src/recorder.cpp""","""shared_ptr<ros",212,[/rosout]
1524145438691443599,,7,,1524145438,661270129,'',2,"""/record_1524220322377231692""","""Subscribing to /rosout_agg""","""/tmp/binarydeb/ros-kinetic-rosbag-1.12.13/src/recorder.cpp""","""shared_ptr<ros",212,[/rosout]
1524145438691443599,,8,,1524145438,671327139,'',2,"""/record_1524220322377231692""","""Subscribing to /odometry/gps_right""","""/tmp/binarydeb/ros-kinetic-rosbag-1.12.13/src/recorder.cpp""","""shared_ptr<ros",212,[/rosout]
1524145438691443599,,9,,1524145438,671327139,'',2,"""/record_1524220322377231692""","""Subscribing to /tf_static""","""/tmp/binarydeb/ros-kinetic-rosbag-1.12.13/src/recorder.cpp""","""shared_ptr<ros",212,[/rosout]
1524145438691443599,,10,,1524145438,671327139,'',2,"""/record_1524220322377231692""","""Subscribing to /clock""","""/tmp/binarydeb/ros-kinetic-rosbag-1.12.13/src/recorder.cpp""","""shared_ptr<ros",212,[/rosout]
1524145438691443599,,11,,1524145438,671327139,'',2,"""/record_1524220322377231692""","""Subscribing to /vel""","""/tmp/binarydeb/ros-kinetic-rosbag-1.12.13/src/recorder.cpp""","""shared_ptr<ros",212,[/rosout]
1524145438691443599,,12,,1524145438,681385938,'',2,"""/record_1524220322377231692""","""Subscribing to /gps/filtered""","""/tmp/binarydeb/ros-kinetic-rosbag-1.12.13/src/recorder.cpp""","""shared_ptr<ros",212,[/rosout]
1524145438691443599,,13,,1524145438,681385938,'',2,"""/record_1524220322377231692""","""Subscribing to /diagnostics""","""/tmp/binarydeb/ros-kinetic-rosbag-1.12.13/src/recorder.cpp""","""shared_ptr<ros",212,[/rosout]
1524145438691443599,,14,,1524145438,681385938,'',2,"""/record_1524220322377231692""","""Subscribing to /fix_left""","""/tmp/binarydeb/ros-kinetic-rosbag-1.12.13/src/recorder.cpp""","""shared_ptr<ros",212,[/rosout]
1524145438691443599,,15,,1524145438,681385938,'',2,"""/record_1524220322377231692""","""Subscribing to /time_reference""","""/tmp/binarydeb/ros-kinetic-rosbag-1.12.13/src/recorder.cpp""","""shared_ptr<ros",212,[/rosout]
1524145438691443599,,16,,1524145438,691443599,'',2,"""/record_1524220322377231692""","""Subscribing to /uart_data""","""/tmp/binarydeb/ros-kinetic-rosbag-1.12.13/src/recorder.cpp""","""shared_ptr<ros",212,[/rosout]
1524145438822247016,,1,,1524145438,660219897,'',2,"""/ekf_se_odom""","""Valid clock time received. Starting node.""","""/home/eve/eve/eve_ws/src/robot_localization/src/ros_filter.cpp""","""RosFilter<T>",1747,"[/rosout, /diagnostics]"
1524145438822247016,,1,,1524145438,660219897,'',2,"""/ekf_se_map""","""Valid clock time received. Starting node.""","""/home/eve/eve/eve_ws/src/robot_localization/src/ros_filter.cpp""","""RosFilter<T>",1747,"[/rosout, /diagnostics]"
1524145438822247016,,0,,0,0,'',2,"""/laser_broadcaster""","""Spinning until killed publishing /base_link to /laser""","""/tmp/binarydeb/ros-kinetic-tf2-ros-0.5.17/src/static_transform_broadcaster_program.cpp""","""main""",142,"[/rosout, /tf_static]"
1524145438822247016,,0,,0,0,'',2,"""/imu_broadcaster""","""Spinning until killed publishing /base_link to /imu""","""/tmp/binarydeb/ros-kinetic-tf2-ros-0.5.17/src/static_transform_broadcaster_program.cpp""","""main""",142,"[/rosout, /tf_static]"
1524145438822247016,,0,,0,0,'',2,"""/right_gps_broadcaster""","""Spinning until killed publishing /base_link to /gps_right""","""/tmp/binarydeb/ros-kinetic-tf2-ros-0.5.17/src/static_transform_broadcaster_program.cpp""","""main""",142,"[/rosout, /tf_static]"
1524145438822247016,,0,,0,0,'',2,"""/left_gps_broadcaster""","""Spinning until killed publishing /base_link to /gps_left""","""/tmp/binarydeb/ros-kinetic-tf2-ros-0.5.17/src/static_transform_broadcaster_program.cpp""","""main""",142,"[/rosout, /tf_static]"
1524145438822247016,,0,,0,0,'',2,"""/kinect_broadcaster""","""Spinning until killed publishing /base_link to /camera_link""","""/tmp/binarydeb/ros-kinetic-tf2-ros-0.5.17/src/static_transform_broadcaster_program.cpp""","""main""",142,"[/rosout, /tf_static]"
1524145438822247016,,8,,1524145438,655533537,'',2,"""/record_1524145438602145103""","""Subscribing to /time_reference""","""/tmp/binarydeb/ros-kinetic-rosbag-1.12.13/src/recorder.cpp""","""shared_ptr<ros",212,[/rosout]
1524145438882772588,,9,,1524145423,669029434,'',2,"""/left_gps_broadcaster""","""Spinning until killed publishing /base_link to /gps_left""","""/tmp/binarydeb/ros-kinetic-tf2-ros-0.5.17/src/static_transform_broadcaster_program.cpp""","""main""",142,"[/rosout, /tf_static]"
1524145438882772588,,10,,1524145423,647492594,'',2,"""/laser_broadcaster""","""Spinning until killed publishing /base_link to /laser""","""/tmp/binarydeb/ros-kinetic-tf2-ros-0.5.17/src/static_transform_broadcaster_program.cpp""","""main""",142,"[/rosout, /tf_static]"
1524145438882772588,,11,,1524145423,653834728,'',2,"""/kinect_broadcaster""","""Spinning until killed publishing /base_link to /camera_link""","""/tmp/binarydeb/ros-kinetic-tf2-ros-0.5.17/src/static_transform_broadcaster_program.cpp""","""main""",142,"[/rosout, /tf_static]"
1524145438882772588,,12,,1524145423,677103251,'',2,"""/imu_broadcaster""","""Spinning until killed publishing /base_link to /imu""","""/tmp/binarydeb/ros-kinetic-tf2-ros-0.5.17/src/static_transform_broadcaster_program.cpp""","""main""",142,"[/rosout, /tf_static]"
1524145438882772588,,13,,1524145423,658417936,'',2,"""/right_gps_broadcaster""","""Spinning until killed publishing /base_link to /gps_right""","""/tmp/binarydeb/ros-kinetic-tf2-ros-0.5.17/src/static_transform_broadcaster_program.cpp""","""main""",142,"[/rosout, /tf_static]"
1524145438882772588,,0,,1524145438,882772588,'',4,"""/navsat_transform_node_left""","""Detected jump back in time of 74888.9s. Clearing TF buffer.""","""/tmp/binarydeb/ros-kinetic-tf2-ros-0.5.17/src/transform_listener.cpp""","""TransformListener",106,"[/rosout, /tf_static, /odometry/gps_left, /gps/filtered]"
1524145438882772588,,0,,1524145438,882772588,'',4,"""/navsat_transform_node_right""","""Detected jump back in time of 74888.9s. Clearing TF buffer.""","""/tmp/binarydeb/ros-kinetic-tf2-ros-0.5.17/src/transform_listener.cpp""","""TransformListener",106,"[/rosout, /tf_static, /odometry/gps_right, /gps/filtered]"
1524145439004223143,,2,,1524145439,4223143,'',4,"""/ekf_se_odom""","""Could not obtain transform from odom to base_link. Error was \""odom\"" passed to lookupTransform\","""/home/eve/eve/eve_ws/src/robot_localization/src/ros_filter_utilities.cpp""","""RosFilterUtilities",135,"[/rosout, /diagnostics, /odometry/filtered_odom, /tf]"
1524145439034552086,,2,,1524145439,34552086,'',4,"""/ekf_se_map""","""Could not obtain transform from odom to base_link. Error was \""odom\"" passed to lookupTransform\","""/home/eve/eve/eve_ws/src/robot_localization/src/ros_filter_utilities.cpp""","""RosFilterUtilities",135,"[/rosout, /diagnostics, /odometry/filtered_map, /tf]"
1524145439054706626,,3,,1524145439,54706626,'',4,"""/ekf_se_odom""","""Transform from odom to base_link was unavailable for the time requested. Using latest\","""/home/eve/eve/eve_ws/src/robot_localization/src/ros_filter_utilities.cpp""","""RosFilterUtilities",127,"[/rosout, /diagnostics, /odometry/filtered_odom, /tf]"
1524145439135360328,,3,,1524145439,135360328,'',4,"""/ekf_se_map""","""Transform from odom to base_link was unavailable for the time requested. Using latest\","""/home/eve/eve/eve_ws/src/robot_localization/src/ros_filter_utilities.cpp""","""RosFilterUtilities",127,"[/rosout, /diagnostics, /odometry/filtered_map, /tf]"
1524145439700420720,,17,,1524145439,700420720,'',2,"""/record_1524220322377231692""","""Subscribing to /odometry/filtered_map""","""/tmp/binarydeb/ros-kinetic-rosbag-1.12.13/src/recorder.cpp""","""shared_ptr<ros",212,[/rosout]
1524145439700420720,,18,,1524145439,700420720,'',2,"""/record_1524220322377231692""","""Subscribing to /tf""","""/tmp/binarydeb/ros-kinetic-rosbag-1.12.13/src/recorder.cpp""","""shared_ptr<ros",212,[/rosout]
1524145439710511416,,19,,1524145439,710511416,'',2,"""/record_1524220322377231692""","""Subscribing to /odometry/filtered_odom""","""/tmp/binarydeb/ros-kinetic-rosbag-1.12.13/src/recorder.cpp""","""shared_ptr<ros",212,[/rosout]
1524145440104465440,,1,,1524145440,104465440,'',2,"""/navsat_transform_node_left""","""Initial odometry pose is Origin","(0, -0, 1.9780955409896268105)\n""","""/home/eve/eve/eve_ws/src/robot_localization/src/navsat_transform.cpp""","""NavSatTransform",714,"[/rosout, /tf_static, /odometry/gps_left, /gps/filtered]"
1524145440104465440,,2,,1524145440,104465440,'',2,"""/navsat_transform_node_left""","""Datum (latitude, longitude, altitude) is (50.064125, 19.914958, 241.200000)""","""/home/eve/eve/eve_ws/src/robot_localization/src/navsat_transform.cpp""","""NavSatTransform",701,"[/rosout, /tf_static, /odometry/gps_left, /gps/filtered]"
1524145440104465440,,3,,1524145440,104465440,'',2,"""/navsat_transform_node_left""","""Datum UTM coordinate is (422342.528242, 5546324.301776)""","""/home/eve/eve/eve_ws/src/robot_localization/src/navsat_transform.cpp""","""NavSatTransform",702,"[/rosout, /tf_static, /odometry/gps_left, /gps/filtered]"
1524145440104465440,,4,,1524145440,104465440,'',2,"""/navsat_transform_node_left""","""Corrected for magnetic declination of 0.000000 and user-specified offset of -1.570796.\","""/home/eve/eve/eve_ws/src/robot_localization/src/navsat_transform.cpp""","""NavSatTransform",273,"[/rosout, /tf_static, /odometry/gps_left, /gps/filtered]"
1524145440104465440,,5,,1524145440,104465440,'',2,"""/navsat_transform_node_left""","""Transform world frame pose is","(0, -0, 1.9780955409896268105)\n""","""/home/eve/eve/eve_ws/src/robot_localization/src/navsat_transform.cpp""","""NavSatTransform",290,"[/rosout, /tf_static, /odometry/gps_left, /gps/filtered]"
1524145440104465440,,6,,1524145440,104465440,'',2,"""/navsat_transform_node_left""","""World frame->utm transform is Origin","(0, -0, 1.5706325477331670726)\n""","""/home/eve/eve/eve_ws/src/robot_localization/src/navsat_transform.cpp""","""NavSatTransform",291,"[/rosout, /tf_static, /odometry/gps_left, /gps/filtered]"
1524145440104465440,,1,,1524145440,104465440,'',2,"""/navsat_transform_node_right""","""Initial odometry pose is Origin","(0, -0, 1.9780955409896268105)\n""","""/home/eve/eve/eve_ws/src/robot_localization/src/navsat_transform.cpp""","""NavSatTransform",714,"[/rosout, /tf_static, /odometry/gps_right, /gps/filtered]"
1524145440104465440,,2,,1524145440,104465440,'',2,"""/navsat_transform_node_right""","""Datum (latitude, longitude, altitude) is (50.064157, 19.914948, 234.800000)""","""/home/eve/eve/eve_ws/src/robot_localization/src/navsat_transform.cpp""","""NavSatTransform",701,"[/rosout, /tf_static, /odometry/gps_right, /gps/filtered]"
1524145440104465440,,3,,1524145440,104465440,'',2,"""/navsat_transform_node_right""","""Datum UTM coordinate is (422341.863678, 5546327.832943)""","""/home/eve/eve/eve_ws/src/robot_localization/src/navsat_transform.cpp""","""NavSatTransform",702,"[/rosout, /tf_static, /odometry/gps_right, /gps/filtered]"
1524145440104465440,,4,,1524145440,104465440,'',2,"""/navsat_transform_node_right""","""Corrected for magnetic declination of 0.000000 and user-specified offset of -1.570796.\","""/home/eve/eve/eve_ws/src/robot_localization/src/navsat_transform.cpp""","""NavSatTransform",273,"[/rosout, /tf_static, /odometry/gps_right, /gps/filtered]"
1524145440104465440,,5,,1524145440,104465440,'',2,"""/navsat_transform_node_right""","""Transform world frame pose is","(0, -0, 1.9780955409896268105)\n""","""/home/eve/eve/eve_ws/src/robot_localization/src/navsat_transform.cpp""","""NavSatTransform",290,"[/rosout, /tf_static, /odometry/gps_right, /gps/filtered]"
1524145440104465440,,6,,1524145440,104465440,'',2,"""/navsat_transform_node_right""","""World frame->utm transform is Origin","(0, -0, 1.5706325477331670726)\n""","""/home/eve/eve/eve_ws/src/robot_localization/src/navsat_transform.cpp""","""NavSatTransform",291,"[/rosout, /tf_static, /odometry/gps_right, /gps/filtered]"
1524145441072795404,,4,,1524145441,72795404,'',4,"""/ekf_se_odom""","""Transform from odom to base_link was unavailable for the time requested. Using latest\","""/home/eve/eve/eve_ws/src/robot_localization/src/ros_filter_utilities.cpp""","""RosFilterUtilities",127,"[/rosout, /diagnostics, /odometry/filtered_odom, /tf]"
1524145441153496752,,4,,1524145441,153496752,'',4,"""/ekf_se_map""","""Transform from odom to base_link was unavailable for the time requested. Using latest\","""/home/eve/eve/eve_ws/src/robot_localization/src/ros_filter_utilities.cpp""","""RosFilterUtilities",127,"[/rosout, /diagnostics, /odometry/filtered_map, /tf]"
1524145443091231458,,5,,1524145443,91231458,'',4,"""/ekf_se_odom""","""Transform from odom to base_link was unavailable for the time requested. Using latest\","""/home/eve/eve/eve_ws/src/robot_localization/src/ros_filter_utilities.cpp""","""RosFilterUtilities",127,"[/rosout, /diagnostics, /odometry/filtered_odom, /tf]"
1524145443777861218,,5,,1524145443,777861218,'',4,"""/ekf_se_map""","""Transform from odom to base_link was unavailable for the time requested. Using latest\","""/home/eve/eve/eve_ws/src/robot_localization/src/ros_filter_utilities.cpp""","""RosFilterUtilities",127,"[/rosout, /diagnostics, /odometry/filtered_map, /tf]"
1524145445109418334,,6,,1524145445,109418334,'',4,"""/ekf_se_odom""","""Transform from odom to base_link was unavailable for the time requested. Using latest\","""/home/eve/eve/eve_ws/src/robot_localization/src/ros_filter_utilities.cpp""","""RosFilterUtilities",127,"[/rosout, /diagnostics, /odometry/filtered_odom, /tf]"
1524145445795417351,,6,,1524145445,795417351,'',4,"""/ekf_se_map""","""Transform from odom to base_link was unavailable for the time requested. Using latest\","""/home/eve/eve/eve_ws/src/robot_localization/src/ros_filter_utilities.cpp""","""RosFilterUtilities",127,"[/rosout, /diagnostics, /odometry/filtered_map, /tf]"
1524145447127668085,,7,,1524145447,127668085,'',4,"""/ekf_se_odom""","""Transform from odom to base_link was unavailable for the time requested. Using latest\","""/home/eve/eve/eve_ws/src/robot_localization/src/ros_filter_utilities.cpp""","""RosFilterUtilities",127,"[/rosout, /diagnostics, /odometry/filtered_odom, /tf]"
1524145449145822467,,8,,1524145449,145822467,'',4,"""/ekf_se_odom""","""Transform from odom to base_link was unavailable for the time requested. Using latest\","""/home/eve/eve/eve_ws/src/robot_localization/src/ros_filter_utilities.cpp""","""RosFilterUtilities",127,"[/rosout, /diagnostics, /odometry/filtered_odom, /tf]"
1524145449428227450,,7,,1524145449,428227450,'',4,"""/ekf_se_map""","""Transform from odom to base_link was unavailable for the time requested. Using latest\","""/home/eve/eve/eve_ws/src/robot_localization/src/ros_filter_utilities.cpp""","""RosFilterUtilities",127,"[/rosout, /diagnostics, /odometry/filtered_map, /tf]"
1524145451163608853,,9,,1524145451,163608853,'',4,"""/ekf_se_odom""","""Transform from odom to base_link was unavailable for the time requested. Using latest\","""/home/eve/eve/eve_ws/src/robot_localization/src/ros_filter_utilities.cpp""","""RosFilterUtilities",127,"[/rosout, /diagnostics, /odometry/filtered_odom, /tf]"
1524145451446091642,,8,,1524145451,446091642,'',4,"""/ekf_se_map""","""Transform from odom to base_link was unavailable for the time requested. Using latest\","""/home/eve/eve/eve_ws/src/robot_localization/src/ros_filter_utilities.cpp""","""RosFilterUtilities",127,"[/rosout, /diagnostics, /odometry/filtered_map, /tf]"
1524145453181306785,,10,,1524145453,181306785,'',4,"""/ekf_se_odom""","""Transform from odom to base_link was unavailable for the time requested. Using latest\","""/home/eve/eve/eve_ws/src/robot_localization/src/ros_filter_utilities.cpp""","""RosFilterUtilities",127,"[/rosout, /diagnostics, /odometry/filtered_odom, /tf]"
1524145455078405652,,9,,1524145455,78405652,'',4,"""/ekf_se_map""","""Transform from odom to base_link was unavailable for the time requested. Using latest\","""/home/eve/eve/eve_ws/src/robot_localization/src/ros_filter_utilities.cpp""","""RosFilterUtilities",127,"[/rosout, /diagnostics, /odometry/filtered_map, /tf]"
1524145455199356478,,11,,1524145455,199356478,'',4,"""/ekf_se_odom""","""Transform from odom to base_link was unavailable for the time requested. Using latest\","""/home/eve/eve/eve_ws/src/robot_localization/src/ros_filter_utilities.cpp""","""RosFilterUtilities",127,"[/rosout, /diagnostics, /odometry/filtered_odom, /tf]"
1524145457096388719,,10,,1524145457,96388719,'',4,"""/ekf_se_map""","""Transform from odom to base_link was unavailable for the time requested. Using latest\","""/home/eve/eve/eve_ws/src/robot_localization/src/ros_filter_utilities.cpp""","""RosFilterUtilities",127,"[/rosout, /diagnostics, /odometry/filtered_map, /tf]"
1524145457217458729,,12,,1524145457,217458729,'',4,"""/ekf_se_odom""","""Transform from odom to base_link was unavailable for the time requested. Using latest\","""/home/eve/eve/eve_ws/src/robot_localization/src/ros_filter_utilities.cpp""","""RosFilterUtilities",127,"[/rosout, /diagnostics, /odometry/filtered_odom, /tf]"
1524145459234354423,,13,,1524145459,234354423,'',4,"""/ekf_se_odom""","""Transform from odom to base_link was unavailable for the time requested. Using latest\","""/home/eve/eve/eve_ws/src/robot_localization/src/ros_filter_utilities.cpp""","""RosFilterUtilities",127,"[/rosout, /diagnostics, /odometry/filtered_odom, /tf]"
1524145460727655973,,11,,1524145460,727655973,'',4,"""/ekf_se_map""","""Transform from odom to base_link was unavailable for the time requested. Using latest\","""/home/eve/eve/eve_ws/src/robot_localization/src/ros_filter_utilities.cpp""","""RosFilterUtilities",127,"[/rosout, /diagnostics, /odometry/filtered_map, /tf]"
1524145461252243576,,14,,1524145461,252243576,'',4,"""/ekf_se_odom""","""Transform from odom to base_link was unavailable for the time requested. Using latest\","""/home/eve/eve/eve_ws/src/robot_localization/src/ros_filter_utilities.cpp""","""RosFilterUtilities",127,"[/rosout, /diagnostics, /odometry/filtered_odom, /tf]"
1524145462745093673,,12,,1524145462,745093673,'',4,"""/ekf_se_map""","""Transform from odom to base_link was unavailable for the time requested. Using latest\","""/home/eve/eve/eve_ws/src/robot_localization/src/ros_filter_utilities.cpp""","""RosFilterUtilities",127,"[/rosout, /diagnostics, /odometry/filtered_map, /tf]"
1524145463269594245,,15,,1524145463,269594245,'',4,"""/ekf_se_odom""","""Transform from odom to base_link was unavailable for the time requested. Using latest\","""/home/eve/eve/eve_ws/src/robot_localization/src/ros_filter_utilities.cpp""","""RosFilterUtilities",127,"[/rosout, /diagnostics, /odometry/filtered_odom, /tf]"
1524145465288112226,,16,,1524145465,288112226,'',4,"""/ekf_se_odom""","""Transform from odom to base_link was unavailable for the time requested. Using latest\","""/home/eve/eve/eve_ws/src/robot_localization/src/ros_filter_utilities.cpp""","""RosFilterUtilities",127,"[/rosout, /diagnostics, /odometry/filtered_odom, /tf]"
1524145466277358880,,13,,1524145466,277358880,'',4,"""/ekf_se_map""","""Transform from odom to base_link was unavailable for the time requested. Using latest\","""/home/eve/eve/eve_ws/src/robot_localization/src/ros_filter_utilities.cpp""","""RosFilterUtilities",127,"[/rosout, /diagnostics, /odometry/filtered_map, /tf]"
1524145467306361767,,17,,1524145467,306361767,'',4,"""/ekf_se_odom""","""Transform from odom to base_link was unavailable for the time requested. Using latest\","""/home/eve/eve/eve_ws/src/robot_localization/src/ros_filter_utilities.cpp""","""RosFilterUtilities",127,"[/rosout, /diagnostics, /odometry/filtered_odom, /tf]"
1524145468295415593,,14,,1524145468,295415593,'',4,"""/ekf_se_map""","""Transform from odom to base_link was unavailable for the time requested. Using latest\","""/home/eve/eve/eve_ws/src/robot_localization/src/ros_filter_utilities.cpp""","""RosFilterUtilities",127,"[/rosout, /diagnostics, /odometry/filtered_map, /tf]"
1524145469324747395,,18,,1524145469,324747395,'',4,"""/ekf_se_odom""","""Transform from odom to base_link was unavailable for the time requested. Using latest\","""/home/eve/eve/eve_ws/src/robot_localization/src/ros_filter_utilities.cpp""","""RosFilterUtilities",127,"[/rosout, /diagnostics, /odometry/filtered_odom, /tf]"
1524145471342666982,,19,,1524145471,342666982,'',4,"""/ekf_se_odom""","""Transform from odom to base_link was unavailable for the time requested. Using latest\","""/home/eve/eve/eve_ws/src/robot_localization/src/ros_filter_utilities.cpp""","""RosFilterUtilities",127,"[/rosout, /diagnostics, /odometry/filtered_odom, /tf]"
1524145471827230714,,15,,1524145471,827230714,'',4,"""/ekf_se_map""","""Transform from odom to base_link was unavailable for the time requested. Using latest\","""/home/eve/eve/eve_ws/src/robot_localization/src/ros_filter_utilities.cpp""","""RosFilterUtilities",127,"[/rosout, /diagnostics, /odometry/filtered_map, /tf]"
1524145473360244657,,20,,1524145473,360244657,'',4,"""/ekf_se_odom""","""Transform from odom to base_link was unavailable for the time requested. Using latest\","""/home/eve/eve/eve_ws/src/robot_localization/src/ros_filter_utilities.cpp""","""RosFilterUtilities",127,"[/rosout, /diagnostics, /odometry/filtered_odom, /tf]"
1524145473844601487,,16,,1524145473,844601487,'',4,"""/ekf_se_map""","""Transform from odom to base_link was unavailable for the time requested. Using latest\","""/home/eve/eve/eve_ws/src/robot_localization/src/ros_filter_utilities.cpp""","""RosFilterUtilities",127,"[/rosout, /diagnostics, /odometry/filtered_map, /tf]"
1524145475377980216,,21,,1524145475,377980216,'',4,"""/ekf_se_odom""","""Transform from odom to base_link was unavailable for the time requested. Using latest\","""/home/eve/eve/eve_ws/src/robot_localization/src/ros_filter_utilities.cpp""","""RosFilterUtilities",127,"[/rosout, /diagnostics, /odometry/filtered_odom, /tf]"
1524145477396452645,,22,,1524145477,396452645,'',4,"""/ekf_se_odom""","""Transform from odom to base_link was unavailable for the time requested. Using latest\","""/home/eve/eve/eve_ws/src/robot_localization/src/ros_filter_utilities.cpp""","""RosFilterUtilities",127,"[/rosout, /diagnostics, /odometry/filtered_odom, /tf]"
1524145477578151312,,17,,1524145477,578151312,'',4,"""/ekf_se_map""","""Transform from odom to base_link was unavailable for the time requested. Using latest\","""/home/eve/eve/eve_ws/src/robot_localization/src/ros_filter_utilities.cpp""","""RosFilterUtilities",127,"[/rosout, /diagnostics, /odometry/filtered_map, /tf]"
1524145479414830944,,23,,1524145479,414830944,'',4,"""/ekf_se_odom""","""Transform from odom to base_link was unavailable for the time requested. Using latest\","""/home/eve/eve/eve_ws/src/robot_localization/src/ros_filter_utilities.cpp""","""RosFilterUtilities",127,"[/rosout, /diagnostics, /odometry/filtered_odom, /tf]"
1524145479596414598,,18,,1524145479,596414598,'',4,"""/ekf_se_map""","""Transform from odom to base_link was unavailable for the time requested. Using latest\","""/home/eve/eve/eve_ws/src/robot_localization/src/ros_filter_utilities.cpp""","""RosFilterUtilities",127,"[/rosout, /diagnostics, /odometry/filtered_map, /tf]"
1524145481433143779,,24,,1524145481,433143779,'',4,"""/ekf_se_odom""","""Transform from odom to base_link was unavailable for the time requested. Using latest\","""/home/eve/eve/eve_ws/src/robot_localization/src/ros_filter_utilities.cpp""","""RosFilterUtilities",127,"[/rosout, /diagnostics, /odometry/filtered_odom, /tf]"
1524145483127853193,,19,,1524145483,127853193,'',4,"""/ekf_se_map""","""Transform from odom to base_link was unavailable for the time requested. Using latest\","""/home/eve/eve/eve_ws/src/robot_localization/src/ros_filter_utilities.cpp""","""RosFilterUtilities",127,"[/rosout, /diagnostics, /odometry/filtered_map, /tf]"
1524145483450733258,,25,,1524145483,450733258,'',4,"""/ekf_se_odom""","""Transform from odom to base_link was unavailable for the time requested. Using latest\","""/home/eve/eve/eve_ws/src/robot_localization/src/ros_filter_utilities.cpp""","""RosFilterUtilities",127,"[/rosout, /diagnostics, /odometry/filtered_odom, /tf]"
1524145485145731626,,20,,1524145485,145731626,'',4,"""/ekf_se_map""","""Transform from odom to base_link was unavailable for the time requested. Using latest\","""/home/eve/eve/eve_ws/src/robot_localization/src/ros_filter_utilities.cpp""","""RosFilterUtilities",127,"[/rosout, /diagnostics, /odometry/filtered_map, /tf]"
1524145485468488306,,26,,1524145485,468488306,'',4,"""/ekf_se_odom""","""Transform from odom to base_link was unavailable for the time requested. Using latest\","""/home/eve/eve/eve_ws/src/robot_localization/src/ros_filter_utilities.cpp""","""RosFilterUtilities",127,"[/rosout, /diagnostics, /odometry/filtered_odom, /tf]"
1524145487486073262,,27,,1524145487,486073262,'',4,"""/ekf_se_odom""","""Transform from odom to base_link was unavailable for the time requested. Using latest\","""/home/eve/eve/eve_ws/src/robot_localization/src/ros_filter_utilities.cpp""","""RosFilterUtilities",127,"[/rosout, /diagnostics, /odometry/filtered_odom, /tf]"
1524145488778156326,,21,,1524145488,778156326,'',4,"""/ekf_se_map""","""Transform from odom to base_link was unavailable for the time requested. Using latest\","""/home/eve/eve/eve_ws/src/robot_localization/src/ros_filter_utilities.cpp""","""RosFilterUtilities",127,"[/rosout, /diagnostics, /odometry/filtered_map, /tf]"
1524145489504814019,,28,,1524145489,504814019,'',4,"""/ekf_se_odom""","""Transform from odom to base_link was unavailable for the time requested. Using latest\","""/home/eve/eve/eve_ws/src/robot_localization/src/ros_filter_utilities.cpp""","""RosFilterUtilities",127,"[/rosout, /diagnostics, /odometry/filtered_odom, /tf]"
1524145490796705289,,22,,1524145490,796705289,'',4,"""/ekf_se_map""","""Transform from odom to base_link was unavailable for the time requested. Using latest\","""/home/eve/eve/eve_ws/src/robot_localization/src/ros_filter_utilities.cpp""","""RosFilterUtilities",127,"[/rosout, /diagnostics, /odometry/filtered_map, /tf]"
1524145491523420346,,29,,1524145491,523420346,'',4,"""/ekf_se_odom""","""Transform from odom to base_link was unavailable for the time requested. Using latest\","""/home/eve/eve/eve_ws/src/robot_localization/src/ros_filter_utilities.cpp""","""RosFilterUtilities",127,"[/rosout, /diagnostics, /odometry/filtered_odom, /tf]"
1524145493541829522,,30,,1524145493,541829522,'',4,"""/ekf_se_odom""","""Transform from odom to base_link was unavailable for the time requested. Using latest\","""/home/eve/eve/eve_ws/src/robot_localization/src/ros_filter_utilities.cpp""","""RosFilterUtilities",127,"[/rosout, /diagnostics, /odometry/filtered_odom, /tf]"
1524145494329166949,,23,,1524145494,329166949,'',4,"""/ekf_se_map""","""Transform from odom to base_link was unavailable for the time requested. Using latest\","""/home/eve/eve/eve_ws/src/robot_localization/src/ros_filter_utilities.cpp""","""RosFilterUtilities",127,"[/rosout, /diagnostics, /odometry/filtered_map, /tf]"
1524145495559788187,,31,,1524145495,559788187,'',4,"""/ekf_se_odom""","""Transform from odom to base_link was unavailable for the time requested. Using latest\","""/home/eve/eve/eve_ws/src/robot_localization/src/ros_filter_utilities.cpp""","""RosFilterUtilities",127,"[/rosout, /diagnostics, /odometry/filtered_odom, /tf]"
1524145496347052993,,24,,1524145496,347052993,'',4,"""/ekf_se_map""","""Transform from odom to base_link was unavailable for the time requested. Using latest\","""/home/eve/eve/eve_ws/src/robot_localization/src/ros_filter_utilities.cpp""","""RosFilterUtilities",127,"[/rosout, /diagnostics, /odometry/filtered_map, /tf]"
1524145497577817665,,32,,1524145497,577817665,'',4,"""/ekf_se_odom""","""Transform from odom to base_link was unavailable for the time requested. Using latest\","""/home/eve/eve/eve_ws/src/robot_localization/src/ros_filter_utilities.cpp""","""RosFilterUtilities",127,"[/rosout, /diagnostics, /odometry/filtered_odom, /tf]"
1524145499595680690,,33,,1524145499,595680690,'',4,"""/ekf_se_odom""","""Transform from odom to base_link was unavailable for the time requested. Using latest\","""/home/eve/eve/eve_ws/src/robot_localization/src/ros_filter_utilities.cpp""","""RosFilterUtilities",127,"[/rosout, /diagnostics, /odometry/filtered_odom, /tf]"
1524145499777343157,,25,,1524145499,777343157,'',4,"""/ekf_se_map""","""Transform from odom to base_link was unavailable for the time requested. Using latest\","""/home/eve/eve/eve_ws/src/robot_localization/src/ros_filter_utilities.cpp""","""RosFilterUtilities",127,"[/rosout, /diagnostics, /odometry/filtered_map, /tf]"
1524145501613985729,,34,,1524145501,613985729,'',4,"""/ekf_se_odom""","""Transform from odom to base_link was unavailable for the time requested. Using latest\","""/home/eve/eve/eve_ws/src/robot_localization/src/ros_filter_utilities.cpp""","""RosFilterUtilities",127,"[/rosout, /diagnostics, /odometry/filtered_odom, /tf]"
1524145501795583848,,26,,1524145501,795583848,'',4,"""/ekf_se_map""","""Transform from odom to base_link was unavailable for the time requested. Using latest\","""/home/eve/eve/eve_ws/src/robot_localization/src/ros_filter_utilities.cpp""","""RosFilterUtilities",127,"[/rosout, /diagnostics, /odometry/filtered_map, /tf]"
1524145503632047779,,35,,1524145503,632047779,'',4,"""/ekf_se_odom""","""Transform from odom to base_link was unavailable for the time requested. Using latest\","""/home/eve/eve/eve_ws/src/robot_localization/src/ros_filter_utilities.cpp""","""RosFilterUtilities",127,"[/rosout, /diagnostics, /odometry/filtered_odom, /tf]"
1524145505428651123,,27,,1524145505,428651123,'',4,"""/ekf_se_map""","""Transform from odom to base_link was unavailable for the time requested. Using latest\","""/home/eve/eve/eve_ws/src/robot_localization/src/ros_filter_utilities.cpp""","""RosFilterUtilities",127,"[/rosout, /diagnostics, /odometry/filtered_map, /tf]"
1524145505650389100,,36,,1524145505,650389100,'',4,"""/ekf_se_odom""","""Transform from odom to base_link was unavailable for the time requested. Using latest\","""/home/eve/eve/eve_ws/src/robot_localization/src/ros_filter_utilities.cpp""","""RosFilterUtilities",127,"[/rosout, /diagnostics, /odometry/filtered_odom, /tf]"
1524145507446774202,,28,,1524145507,446774202,'',4,"""/ekf_se_map""","""Transform from odom to base_link was unavailable for the time requested. Using latest\","""/home/eve/eve/eve_ws/src/robot_localization/src/ros_filter_utilities.cpp""","""RosFilterUtilities",127,"[/rosout, /diagnostics, /odometry/filtered_map, /tf]"
1524145507668750947,,37,,1524145507,668750947,'',4,"""/ekf_se_odom""","""Transform from odom to base_link was unavailable for the time requested. Using latest\","""/home/eve/eve/eve_ws/src/robot_localization/src/ros_filter_utilities.cpp""","""RosFilterUtilities",127,"[/rosout, /diagnostics, /odometry/filtered_odom, /tf]"
1524145509686693457,,38,,1524145509,686693457,'',4,"""/ekf_se_odom""","""Transform from odom to base_link was unavailable for the time requested. Using latest\","""/home/eve/eve/eve_ws/src/robot_localization/src/ros_filter_utilities.cpp""","""RosFilterUtilities",127,"[/rosout, /diagnostics, /odometry/filtered_odom, /tf]"
1524145510877494692,,29,,1524145510,877494692,'',4,"""/ekf_se_map""","""Transform from odom to base_link was unavailable for the time requested. Using latest\","""/home/eve/eve/eve_ws/src/robot_localization/src/ros_filter_utilities.cpp""","""RosFilterUtilities",127,"[/rosout, /diagnostics, /odometry/filtered_map, /tf]"
1524145511705011547,,39,,1524145511,705011547,'',4,"""/ekf_se_odom""","""Transform from odom to base_link was unavailable for the time requested. Using latest\","""/home/eve/eve/eve_ws/src/robot_localization/src/ros_filter_utilities.cpp""","""RosFilterUtilities",127,"[/rosout, /diagnostics, /odometry/filtered_odom, /tf]"
1524145512895622596,,30,,1524145512,895622596,'',4,"""/ekf_se_map""","""Transform from odom to base_link was unavailable for the time requested. Using latest\","""/home/eve/eve/eve_ws/src/robot_localization/src/ros_filter_utilities.cpp""","""RosFilterUtilities",127,"[/rosout, /diagnostics, /odometry/filtered_map, /tf]"
1524145513723327752,,40,,1524145513,723327752,'',4,"""/ekf_se_odom""","""Transform from odom to base_link was unavailable for the time requested. Using latest\","""/home/eve/eve/eve_ws/src/robot_localization/src/ros_filter_utilities.cpp""","""RosFilterUtilities",127,"[/rosout, /diagnostics, /odometry/filtered_odom, /tf]"
1524145515741803546,,41,,1524145515,741803546,'',4,"""/ekf_se_odom""","""Transform from odom to base_link was unavailable for the time requested. Using latest\","""/home/eve/eve/eve_ws/src/robot_localization/src/ros_filter_utilities.cpp""","""RosFilterUtilities",127,"[/rosout, /diagnostics, /odometry/filtered_odom, /tf]"
1524145516327621518,,31,,1524145516,327621518,'',4,"""/ekf_se_map""","""Transform from odom to base_link was unavailable for the time requested. Using latest\","""/home/eve/eve/eve_ws/src/robot_localization/src/ros_filter_utilities.cpp""","""RosFilterUtilities",127,"[/rosout, /diagnostics, /odometry/filtered_map, /tf]"
1524145517759740599,,42,,1524145517,759740599,'',4,"""/ekf_se_odom""","""Transform from odom to base_link was unavailable for the time requested. Using latest\","""/home/eve/eve/eve_ws/src/robot_localization/src/ros_filter_utilities.cpp""","""RosFilterUtilities",127,"[/rosout, /diagnostics, /odometry/filtered_odom, /tf]"
1524145518345178045,,32,,1524145518,345178045,'',4,"""/ekf_se_map""","""Transform from odom to base_link was unavailable for the time requested. Using latest\","""/home/eve/eve/eve_ws/src/robot_localization/src/ros_filter_utilities.cpp""","""RosFilterUtilities",127,"[/rosout, /diagnostics, /odometry/filtered_map, /tf]"
1524145519777838710,,43,,1524145519,777838710,'',4,"""/ekf_se_odom""","""Transform from odom to base_link was unavailable for the time requested. Using latest\","""/home/eve/eve/eve_ws/src/robot_localization/src/ros_filter_utilities.cpp""","""RosFilterUtilities",127,"[/rosout, /diagnostics, /odometry/filtered_odom, /tf]"
1524145521795690580,,44,,1524145521,795690580,'',4,"""/ekf_se_odom""","""Transform from odom to base_link was unavailable for the time requested. Using latest\","""/home/eve/eve/eve_ws/src/robot_localization/src/ros_filter_utilities.cpp""","""RosFilterUtilities",127,"[/rosout, /diagnostics, /odometry/filtered_odom, /tf]"
1524145521977382120,,33,,1524145521,977382120,'',4,"""/ekf_se_map""","""Transform from odom to base_link was unavailable for the time requested. Using latest\","""/home/eve/eve/eve_ws/src/robot_localization/src/ros_filter_utilities.cpp""","""RosFilterUtilities",127,"[/rosout, /diagnostics, /odometry/filtered_map, /tf]"
1524145523814245025,,45,,1524145523,814245025,'',4,"""/ekf_se_odom""","""Transform from odom to base_link was unavailable for the time requested. Using latest\","""/home/eve/eve/eve_ws/src/robot_localization/src/ros_filter_utilities.cpp""","""RosFilterUtilities",127,"[/rosout, /diagnostics, /odometry/filtered_odom, /tf]"
1524145523995834980,,34,,1524145523,995834980,'',4,"""/ekf_se_map""","""Transform from odom to base_link was unavailable for the time requested. Using latest\","""/home/eve/eve/eve_ws/src/robot_localization/src/ros_filter_utilities.cpp""","""RosFilterUtilities",127,"[/rosout, /diagnostics, /odometry/filtered_map, /tf]"
1524145525832503574,,46,,1524145525,832503574,'',4,"""/ekf_se_odom""","""Transform from odom to base_link was unavailable for the time requested. Using latest\","""/home/eve/eve/eve_ws/src/robot_localization/src/ros_filter_utilities.cpp""","""RosFilterUtilities",127,"[/rosout, /diagnostics, /odometry/filtered_odom, /tf]"
1524145527527361684,,35,,1524145527,527361684,'',4,"""/ekf_se_map""","""Transform from odom to base_link was unavailable for the time requested. Using latest\","""/home/eve/eve/eve_ws/src/robot_localization/src/ros_filter_utilities.cpp""","""RosFilterUtilities",127,"[/rosout, /diagnostics, /odometry/filtered_map, /tf]"
1524145527850244794,,47,,1524145527,850244794,'',4,"""/ekf_se_odom""","""Transform from odom to base_link was unavailable for the time requested. Using latest\","""/home/eve/eve/eve_ws/src/robot_localization/src/ros_filter_utilities.cpp""","""RosFilterUtilities",127,"[/rosout, /diagnostics, /odometry/filtered_odom, /tf]"
1524145529545311354,,36,,1524145529,545311354,'',4,"""/ekf_se_map""","""Transform from odom to base_link was unavailable for the time requested. Using latest\","""/home/eve/eve/eve_ws/src/robot_localization/src/ros_filter_utilities.cpp""","""RosFilterUtilities",127,"[/rosout, /diagnostics, /odometry/filtered_map, /tf]"
1524145529868118665,,48,,1524145529,868118665,'',4,"""/ekf_se_odom""","""Transform from odom to base_link was unavailable for the time requested. Using latest\","""/home/eve/eve/eve_ws/src/robot_localization/src/ros_filter_utilities.cpp""","""RosFilterUtilities",127,"[/rosout, /diagnostics, /odometry/filtered_odom, /tf]"
1524145531886349000,,49,,1524145531,886349000,'',4,"""/ekf_se_odom""","""Transform from odom to base_link was unavailable for the time requested. Using latest\","""/home/eve/eve/eve_ws/src/robot_localization/src/ros_filter_utilities.cpp""","""RosFilterUtilities",127,"[/rosout, /diagnostics, /odometry/filtered_odom, /tf]"
1524145533076705869,,37,,1524145533,76705869,'',4,"""/ekf_se_map""","""Transform from odom to base_link was unavailable for the time requested. Using latest\","""/home/eve/eve/eve_ws/src/robot_localization/src/ros_filter_utilities.cpp""","""RosFilterUtilities",127,"[/rosout, /diagnostics, /odometry/filtered_map, /tf]"
1524145533904117556,,50,,1524145533,904117556,'',4,"""/ekf_se_odom""","""Transform from odom to base_link was unavailable for the time requested. Using latest\","""/home/eve/eve/eve_ws/src/robot_localization/src/ros_filter_utilities.cpp""","""RosFilterUtilities",127,"[/rosout, /diagnostics, /odometry/filtered_odom, /tf]"
1524145535094898467,,38,,1524145535,94898467,'',4,"""/ekf_se_map""","""Transform from odom to base_link was unavailable for the time requested. Using latest\","""/home/eve/eve/eve_ws/src/robot_localization/src/ros_filter_utilities.cpp""","""RosFilterUtilities",127,"[/rosout, /diagnostics, /odometry/filtered_map, /tf]"
1524145535922190597,,51,,1524145535,922190597,'',4,"""/ekf_se_odom""","""Transform from odom to base_link was unavailable for the time requested. Using latest\","""/home/eve/eve/eve_ws/src/robot_localization/src/ros_filter_utilities.cpp""","""RosFilterUtilities",127,"[/rosout, /diagnostics, /odometry/filtered_odom, /tf]"
1524145537940246438,,52,,1524145537,940246438,'',4,"""/ekf_se_odom""","""Transform from odom to base_link was unavailable for the time requested. Using latest\","""/home/eve/eve/eve_ws/src/robot_localization/src/ros_filter_utilities.cpp""","""RosFilterUtilities",127,"[/rosout, /diagnostics, /odometry/filtered_odom, /tf]"
1524145538626925748,,39,,1524145538,626925748,'',4,"""/ekf_se_map""","""Transform from odom to base_link was unavailable for the time requested. Using latest\","""/home/eve/eve/eve_ws/src/robot_localization/src/ros_filter_utilities.cpp""","""RosFilterUtilities",127,"[/rosout, /diagnostics, /odometry/filtered_map, /tf]"
1524145539958658683,,53,,1524145539,958658683,'',4,"""/ekf_se_odom""","""Transform from odom to base_link was unavailable for the time requested. Using latest\","""/home/eve/eve/eve_ws/src/robot_localization/src/ros_filter_utilities.cpp""","""RosFilterUtilities",127,"[/rosout, /diagnostics, /odometry/filtered_odom, /tf]"
1524145540644791167,,40,,1524145540,644791167,'',4,"""/ekf_se_map""","""Transform from odom to base_link was unavailable for the time requested. Using latest\","""/home/eve/eve/eve_ws/src/robot_localization/src/ros_filter_utilities.cpp""","""RosFilterUtilities",127,"[/rosout, /diagnostics, /odometry/filtered_map, /tf]"
1524145541976889145,,54,,1524145541,976889145,'',4,"""/ekf_se_odom""","""Transform from odom to base_link was unavailable for the time requested. Using latest\","""/home/eve/eve/eve_ws/src/robot_localization/src/ros_filter_utilities.cpp""","""RosFilterUtilities",127,"[/rosout, /diagnostics, /odometry/filtered_odom, /tf]"
1524145543994725046,,55,,1524145543,994725046,'',4,"""/ekf_se_odom""","""Transform from odom to base_link was unavailable for the time requested. Using latest\","""/home/eve/eve/eve_ws/src/robot_localization/src/ros_filter_utilities.cpp""","""RosFilterUtilities",127,"[/rosout, /diagnostics, /odometry/filtered_odom, /tf]"
1524145544378116190,,41,,1524145544,378116190,'',4,"""/ekf_se_map""","""Transform from odom to base_link was unavailable for the time requested. Using latest\","""/home/eve/eve/eve_ws/src/robot_localization/src/ros_filter_utilities.cpp""","""RosFilterUtilities",127,"[/rosout, /diagnostics, /odometry/filtered_map, /tf]"
1524145546012480161,,56,,1524145546,12480161,'',4,"""/ekf_se_odom""","""Transform from odom to base_link was unavailable for the time requested. Using latest\","""/home/eve/eve/eve_ws/src/robot_localization/src/ros_filter_utilities.cpp""","""RosFilterUtilities",127,"[/rosout, /diagnostics, /odometry/filtered_odom, /tf]"
1524145546395894705,,42,,1524145546,395894705,'',4,"""/ekf_se_map""","""Transform from odom to base_link was unavailable for the time requested. Using latest\","""/home/eve/eve/eve_ws/src/robot_localization/src/ros_filter_utilities.cpp""","""RosFilterUtilities",127,"[/rosout, /diagnostics, /odometry/filtered_map, /tf]"
1524145548030570047,,57,,1524145548,30570047,'',4,"""/ekf_se_odom""","""Transform from odom to base_link was unavailable for the time requested. Using latest\","""/home/eve/eve/eve_ws/src/robot_localization/src/ros_filter_utilities.cpp""","""RosFilterUtilities",127,"[/rosout, /diagnostics, /odometry/filtered_odom, /tf]"
1524145550028115114,,43,,1524145550,28115114,'',4,"""/ekf_se_map""","""Transform from odom to base_link was unavailable for the time requested. Using latest\","""/home/eve/eve/eve_ws/src/robot_localization/src/ros_filter_utilities.cpp""","""RosFilterUtilities",127,"[/rosout, /diagnostics, /odometry/filtered_map, /tf]"
1524145550048247895,,58,,1524145550,48247895,'',4,"""/ekf_se_odom""","""Transform from odom to base_link was unavailable for the time requested. Using latest\","""/home/eve/eve/eve_ws/src/robot_localization/src/ros_filter_utilities.cpp""","""RosFilterUtilities",127,"[/rosout, /diagnostics, /odometry/filtered_odom, /tf]"
1524145552046942049,,44,,1524145552,46942049,'',4,"""/ekf_se_map""","""Transform from odom to base_link was unavailable for the time requested. Using latest\","""/home/eve/eve/eve_ws/src/robot_localization/src/ros_filter_utilities.cpp""","""RosFilterUtilities",127,"[/rosout, /diagnostics, /odometry/filtered_map, /tf]"
1524145552067077152,,59,,1524145552,67077152,'',4,"""/ekf_se_odom""","""Transform from odom to base_link was unavailable for the time requested. Using latest\","""/home/eve/eve/eve_ws/src/robot_localization/src/ros_filter_utilities.cpp""","""RosFilterUtilities",127,"[/rosout, /diagnostics, /odometry/filtered_odom, /tf]"
1524145554085404496,,60,,1524145554,85404496,'',4,"""/ekf_se_odom""","""Transform from odom to base_link was unavailable for the time requested. Using latest\","""/home/eve/eve/eve_ws/src/robot_localization/src/ros_filter_utilities.cpp""","""RosFilterUtilities",127,"[/rosout, /diagnostics, /odometry/filtered_odom, /tf]"
1524145555679149512,,45,,1524145555,679149512,'',4,"""/ekf_se_map""","""Transform from odom to base_link was unavailable for the time requested. Using latest\","""/home/eve/eve/eve_ws/src/robot_localization/src/ros_filter_utilities.cpp""","""RosFilterUtilities",127,"[/rosout, /diagnostics, /odometry/filtered_map, /tf]"
1524145556103046331,,61,,1524145556,103046331,'',4,"""/ekf_se_odom""","""Transform from odom to base_link was unavailable for the time requested. Using latest\","""/home/eve/eve/eve_ws/src/robot_localization/src/ros_filter_utilities.cpp""","""RosFilterUtilities",127,"[/rosout, /diagnostics, /odometry/filtered_odom, /tf]"
1524145557697530725,,46,,1524145557,697530725,'',4,"""/ekf_se_map""","""Transform from odom to base_link was unavailable for the time requested. Using latest\","""/home/eve/eve/eve_ws/src/robot_localization/src/ros_filter_utilities.cpp""","""RosFilterUtilities",127,"[/rosout, /diagnostics, /odometry/filtered_map, /tf]"
1524145558121477114,,62,,1524145558,121477114,'',4,"""/ekf_se_odom""","""Transform from odom to base_link was unavailable for the time requested. Using latest\","""/home/eve/eve/eve_ws/src/robot_localization/src/ros_filter_utilities.cpp""","""RosFilterUtilities",127,"[/rosout, /diagnostics, /odometry/filtered_odom, /tf]"
1524145560138947363,,63,,1524145560,138947363,'',4,"""/ekf_se_odom""","""Transform from odom to base_link was unavailable for the time requested. Using latest\","""/home/eve/eve/eve_ws/src/robot_localization/src/ros_filter_utilities.cpp""","""RosFilterUtilities",127,"[/rosout, /diagnostics, /odometry/filtered_odom, /tf]"
1524145561127865132,,47,,1524145561,127865132,'',4,"""/ekf_se_map""","""Transform from odom to base_link was unavailable for the time requested. Using latest\","""/home/eve/eve/eve_ws/src/robot_localization/src/ros_filter_utilities.cpp""","""RosFilterUtilities",127,"[/rosout, /diagnostics, /odometry/filtered_map, /tf]"
1524145562157125609,,64,,1524145562,157125609,'',4,"""/ekf_se_odom""","""Transform from odom to base_link was unavailable for the time requested. Using latest\","""/home/eve/eve/eve_ws/src/robot_localization/src/ros_filter_utilities.cpp""","""RosFilterUtilities",127,"[/rosout, /diagnostics, /odometry/filtered_odom, /tf]"
1524145563145728597,,48,,1524145563,145728597,'',4,"""/ekf_se_map""","""Transform from odom to base_link was unavailable for the time requested. Using latest\","""/home/eve/eve/eve_ws/src/robot_localization/src/ros_filter_utilities.cpp""","""RosFilterUtilities",127,"[/rosout, /diagnostics, /odometry/filtered_map, /tf]"
1524145564174747185,,65,,1524145564,174747185,'',4,"""/ekf_se_odom""","""Transform from odom to base_link was unavailable for the time requested. Using latest\","""/home/eve/eve/eve_ws/src/robot_localization/src/ros_filter_utilities.cpp""","""RosFilterUtilities",127,"[/rosout, /diagnostics, /odometry/filtered_odom, /tf]"
1524145566192489537,,66,,1524145566,192489537,'',4,"""/ekf_se_odom""","""Transform from odom to base_link was unavailable for the time requested. Using latest\","""/home/eve/eve/eve_ws/src/robot_localization/src/ros_filter_utilities.cpp""","""RosFilterUtilities",127,"[/rosout, /diagnostics, /odometry/filtered_odom, /tf]"
1524145566676983181,,49,,1524145566,676983181,'',4,"""/ekf_se_map""","""Transform from odom to base_link was unavailable for the time requested. Using latest\","""/home/eve/eve/eve_ws/src/robot_localization/src/ros_filter_utilities.cpp""","""RosFilterUtilities",127,"[/rosout, /diagnostics, /odometry/filtered_map, /tf]"
1524145568210970664,,67,,1524145568,210970664,'',4,"""/ekf_se_odom""","""Transform from odom to base_link was unavailable for the time requested. Using latest\","""/home/eve/eve/eve_ws/src/robot_localization/src/ros_filter_utilities.cpp""","""RosFilterUtilities",127,"[/rosout, /diagnostics, /odometry/filtered_odom, /tf]"
1524145568695513201,,50,,1524145568,695513201,'',4,"""/ekf_se_map""","""Transform from odom to base_link was unavailable for the time requested. Using latest\","""/home/eve/eve/eve_ws/src/robot_localization/src/ros_filter_utilities.cpp""","""RosFilterUtilities",127,"[/rosout, /diagnostics, /odometry/filtered_map, /tf]"
1524145570229588184,,68,,1524145570,229588184,'',4,"""/ekf_se_odom""","""Transform from odom to base_link was unavailable for the time requested. Using latest\","""/home/eve/eve/eve_ws/src/robot_localization/src/ros_filter_utilities.cpp""","""RosFilterUtilities",127,"[/rosout, /diagnostics, /odometry/filtered_odom, /tf]"
1524145572247750070,,69,,1524145572,247750070,'',4,"""/ekf_se_odom""","""Transform from odom to base_link was unavailable for the time requested. Using latest\","""/home/eve/eve/eve_ws/src/robot_localization/src/ros_filter_utilities.cpp""","""RosFilterUtilities",127,"[/rosout, /diagnostics, /odometry/filtered_odom, /tf]"
1524145572328561491,,51,,1524145572,328561491,'',4,"""/ekf_se_map""","""Transform from odom to base_link was unavailable for the time requested. Using latest\","""/home/eve/eve/eve_ws/src/robot_localization/src/ros_filter_utilities.cpp""","""RosFilterUtilities",127,"[/rosout, /diagnostics, /odometry/filtered_map, /tf]"
1524145574266185293,,70,,1524145574,266185293,'',4,"""/ekf_se_odom""","""Transform from odom to base_link was unavailable for the time requested. Using latest\","""/home/eve/eve/eve_ws/src/robot_localization/src/ros_filter_utilities.cpp""","""RosFilterUtilities",127,"[/rosout, /diagnostics, /odometry/filtered_odom, /tf]"
1524145574346970230,,52,,1524145574,346970230,'',4,"""/ekf_se_map""","""Transform from odom to base_link was unavailable for the time requested. Using latest\","""/home/eve/eve/eve_ws/src/robot_localization/src/ros_filter_utilities.cpp""","""RosFilterUtilities",127,"[/rosout, /diagnostics, /odometry/filtered_map, /tf]"
1524145576284122280,,71,,1524145576,284122280,'',4,"""/ekf_se_odom""","""Transform from odom to base_link was unavailable for the time requested. Using latest\","""/home/eve/eve/eve_ws/src/robot_localization/src/ros_filter_utilities.cpp""","""RosFilterUtilities",127,"[/rosout, /diagnostics, /odometry/filtered_odom, /tf]"
1524145577878448496,,53,,1524145577,878448496,'',4,"""/ekf_se_map""","""Transform from odom to base_link was unavailable for the time requested. Using latest\","""/home/eve/eve/eve_ws/src/robot_localization/src/ros_filter_utilities.cpp""","""RosFilterUtilities",127,"[/rosout, /diagnostics, /odometry/filtered_map, /tf]"
1524145578302141158,,72,,1524145578,302141158,'',4,"""/ekf_se_odom""","""Transform from odom to base_link was unavailable for the time requested. Using latest\","""/home/eve/eve/eve_ws/src/robot_localization/src/ros_filter_utilities.cpp""","""RosFilterUtilities",127,"[/rosout, /diagnostics, /odometry/filtered_odom, /tf]"
1524145579896564739,,54,,1524145579,896564739,'',4,"""/ekf_se_map""","""Transform from odom to base_link was unavailable for the time requested. Using latest\","""/home/eve/eve/eve_ws/src/robot_localization/src/ros_filter_utilities.cpp""","""RosFilterUtilities",127,"[/rosout, /diagnostics, /odometry/filtered_map, /tf]"
1524145580320328118,,73,,1524145580,320328118,'',4,"""/ekf_se_odom""","""Transform from odom to base_link was unavailable for the time requested. Using latest\","""/home/eve/eve/eve_ws/src/robot_localization/src/ros_filter_utilities.cpp""","""RosFilterUtilities",127,"[/rosout, /diagnostics, /odometry/filtered_odom, /tf]"
1524145582338799152,,74,,1524145582,338799152,'',4,"""/ekf_se_odom""","""Transform from odom to base_link was unavailable for the time requested. Using latest\","""/home/eve/eve/eve_ws/src/robot_localization/src/ros_filter_utilities.cpp""","""RosFilterUtilities",127,"[/rosout, /diagnostics, /odometry/filtered_odom, /tf]"
1524145583327805814,,55,,1524145583,327805814,'',4,"""/ekf_se_map""","""Transform from odom to base_link was unavailable for the time requested. Using latest\","""/home/eve/eve/eve_ws/src/robot_localization/src/ros_filter_utilities.cpp""","""RosFilterUtilities",127,"[/rosout, /diagnostics, /odometry/filtered_map, /tf]"
1524145584356837213,,75,,1524145584,356837213,'',4,"""/ekf_se_odom""","""Transform from odom to base_link was unavailable for the time requested. Using latest\","""/home/eve/eve/eve_ws/src/robot_localization/src/ros_filter_utilities.cpp""","""RosFilterUtilities",127,"[/rosout, /diagnostics, /odometry/filtered_odom, /tf]"
1524145585345961227,,56,,1524145585,345961227,'',4,"""/ekf_se_map""","""Transform from odom to base_link was unavailable for the time requested. Using latest\","""/home/eve/eve/eve_ws/src/robot_localization/src/ros_filter_utilities.cpp""","""RosFilterUtilities",127,"[/rosout, /diagnostics, /odometry/filtered_map, /tf]"
1524145586374973313,,76,,1524145586,374973313,'',4,"""/ekf_se_odom""","""Transform from odom to base_link was unavailable for the time requested. Using latest\","""/home/eve/eve/eve_ws/src/robot_localization/src/ros_filter_utilities.cpp""","""RosFilterUtilities",127,"[/rosout, /diagnostics, /odometry/filtered_odom, /tf]"
1524145588392564629,,77,,1524145588,392564629,'',4,"""/ekf_se_odom""","""Transform from odom to base_link was unavailable for the time requested. Using latest\","""/home/eve/eve/eve_ws/src/robot_localization/src/ros_filter_utilities.cpp""","""RosFilterUtilities",127,"[/rosout, /diagnostics, /odometry/filtered_odom, /tf]"
1524145588978040237,,57,,1524145588,978040237,'',4,"""/ekf_se_map""","""Transform from odom to base_link was unavailable for the time requested. Using latest\","""/home/eve/eve/eve_ws/src/robot_localization/src/ros_filter_utilities.cpp""","""RosFilterUtilities",127,"[/rosout, /diagnostics, /odometry/filtered_map, /tf]"
1524145590410536306,,78,,1524145590,410536306,'',4,"""/ekf_se_odom""","""Transform from odom to base_link was unavailable for the time requested. Using latest\","""/home/eve/eve/eve_ws/src/robot_localization/src/ros_filter_utilities.cpp""","""RosFilterUtilities",127,"[/rosout, /diagnostics, /odometry/filtered_odom, /tf]"
1524145590995659433,,58,,1524145590,995659433,'',4,"""/ekf_se_map""","""Transform from odom to base_link was unavailable for the time requested. Using latest\","""/home/eve/eve/eve_ws/src/robot_localization/src/ros_filter_utilities.cpp""","""RosFilterUtilities",127,"[/rosout, /diagnostics, /odometry/filtered_map, /tf]"
1524145592428571953,,79,,1524145592,428571953,'',4,"""/ekf_se_odom""","""Transform from odom to base_link was unavailable for the time requested. Using latest\","""/home/eve/eve/eve_ws/src/robot_localization/src/ros_filter_utilities.cpp""","""RosFilterUtilities",127,"[/rosout, /diagnostics, /odometry/filtered_odom, /tf]"
1524145594446750053,,80,,1524145594,446750053,'',4,"""/ekf_se_odom""","""Transform from odom to base_link was unavailable for the time requested. Using latest\","""/home/eve/eve/eve_ws/src/robot_localization/src/ros_filter_utilities.cpp""","""RosFilterUtilities",127,"[/rosout, /diagnostics, /odometry/filtered_odom, /tf]"
1524145594527531985,,59,,1524145594,527531985,'',4,"""/ekf_se_map""","""Transform from odom to base_link was unavailable for the time requested. Using latest\","""/home/eve/eve/eve_ws/src/robot_localization/src/ros_filter_utilities.cpp""","""RosFilterUtilities",127,"[/rosout, /diagnostics, /odometry/filtered_map, /tf]"
1524145596465574472,,81,,1524145596,465574472,'',4,"""/ekf_se_odom""","""Transform from odom to base_link was unavailable for the time requested. Using latest\","""/home/eve/eve/eve_ws/src/robot_localization/src/ros_filter_utilities.cpp""","""RosFilterUtilities",127,"[/rosout, /diagnostics, /odometry/filtered_odom, /tf]"
1524145596546316250,,60,,1524145596,546316250,'',4,"""/ekf_se_map""","""Transform from odom to base_link was unavailable for the time requested. Using latest\","""/home/eve/eve/eve_ws/src/robot_localization/src/ros_filter_utilities.cpp""","""RosFilterUtilities",127,"[/rosout, /diagnostics, /odometry/filtered_map, /tf]"
1524145598483498121,,82,,1524145598,483498121,'',4,"""/ekf_se_odom""","""Transform from odom to base_link was unavailable for the time requested. Using latest\","""/home/eve/eve/eve_ws/src/robot_localization/src/ros_filter_utilities.cpp""","""RosFilterUtilities",127,"[/rosout, /diagnostics, /odometry/filtered_odom, /tf]"
